pentamer,mgw
AAAAA,3.38
AAAAC,4.05
AAAAG,3.68
AAAAT,3.63
AAACA,4.65
AAACC,4.06
AAACG,4.43
AAACT,3.85
AAAGA,4.02
AAAGC,4.03
AAAGG,4.05
AAAGT,3.35
AAATA,3.79
AAATC,4.12
AAATG,3.84
AAATT,2.85
AACAA,4.97
AACAC,5.05
AACAG,4.95
AACAT,4.3
AACCA,4.33
AACCC,4.03
AACCG,4.36
AACCT,3.64
AACGA,4.8
AACGC,4.64
AACGG,4.62
AACGT,4.21
AACTA,4.24
AACTC,3.95
AACTG,4.49
AAGAA,4.8
AAGAC,4.65
AAGAG,4.68
AAGAT,3.9
AAGCA,4.61
AAGCC,4.17
AAGCG,4.63
AAGCT,4.14
AAGGA,4.31
AAGGC,4.51
AAGGG,4.42
AAGGT,3.75
AAGTA,4.03
AAGTC,3.74
AAGTG,4.14
AAGTT,3.34
AATAA,5.53
AATAC,5.3
AATAG,4.65
AATAT,4.8
AATCA,4.46
AATCC,4.19
AATCG,4.56
AATCT,3.75
AATGA,4.46
AATGC,4.89
AATGG,5.08
AATGT,4.27
AATTA,4.36
AATTC,3.75
AATTG,4.24
ACAAA,5.21
ACAAC,5.58
ACAAG,5.19
ACACA,5.5
ACACC,5.31
ACACG,5.47
ACAGA,5.33
ACAGC,5.31
ACAGG,5.29
ACAGT,5.2
ACATA,5.14
ACATC,4.82
ACATG,4.99
ACCAA,5.08
ACCAC,5.38
ACCAG,5.19
ACCCA,4.66
ACCCC,4.58
ACCCG,4.7
ACCGA,5.02
ACCGC,5.08
ACCGG,5.16
ACCTA,4.68
ACCTC,4.37
ACCTG,4.54
ACGAA,5.21
ACGAC,5.34
ACGAG,5.13
ACGCA,5.27
ACGCC,5.08
ACGCG,5.2
ACGGA,5.06
ACGGC,5.08
ACGGG,4.92
ACGGT,4.73
ACGTA,4.84
ACGTC,4.7
ACGTG,4.85
ACTAA,5.73
ACTAC,5.62
ACTAG,5.13
ACTCA,4.89
ACTCC,4.73
ACTCG,4.93
ACTGA,5.48
ACTGC,5.4
ACTGG,5.32
ACTTA,4.48
ACTTC,4.31
ACTTG,4.52
AGAAA,4.74
AGAAC,4.85
AGAAG,4.5
AGACA,4.99
AGACC,4.73
AGACG,4.83
AGACT,4.57
AGAGA,5
AGAGC,5.04
AGAGG,4.97
AGAGT,4.86
AGATA,4.72
AGATC,4.36
AGATG,4.66
AGCAA,5.08
AGCAC,5.43
AGCAG,5.16
AGCCA,4.53
AGCCC,4.61
AGCCG,4.83
AGCGA,5.19
AGCGC,5.18
AGCGG,5.15
AGCGT,4.86
AGCTA,4.88
AGCTC,4.63
AGCTG,4.8
AGGAA,4.76
AGGAC,4.81
AGGAG,4.63
AGGCA,4.82
AGGCC,4.72
AGGCG,4.77
AGGCT,4.33
AGGGA,4.68
AGGGC,4.73
AGGGG,4.62
AGGGT,4.29
AGGTA,4.33
AGGTC,4.18
AGGTG,4.42
AGTAA,5.37
AGTAC,5.54
AGTAG,5.2
AGTCA,4.89
AGTCC,4.51
AGTCG,4.59
AGTGA,5.22
AGTGC,5.3
AGTGG,5.31
AGTGT,5.1
AGTTA,4.67
AGTTC,4.25
AGTTG,4.38
ATAAA,5.66
ATAAC,5.62
ATAAG,5.48
ATAAT,5.28
ATACA,5.82
ATACC,5.46
ATACG,5.53
ATACT,5.37
ATAGA,5.69
ATAGC,5.37
ATAGG,5.6
ATAGT,4.86
ATATA,5.76
ATATC,5.4
ATATG,5.32
ATCAA,5.52
ATCAC,5.35
ATCAG,5.34
ATCCA,4.94
ATCCC,4.81
ATCCG,4.47
ATCCT,4.51
ATCGA,5.23
ATCGC,5.28
ATCGG,5.25
ATCGT,4.8
ATCTA,4.74
ATCTC,4.74
ATCTG,4.98
ATGAA,5.5
ATGAC,5.45
ATGAG,5.23
ATGAT,4.79
ATGCA,5.55
ATGCC,5.33
ATGCG,5.6
ATGCT,5.23
ATGGA,5.34
ATGGC,5.23
ATGGG,5.19
ATGGT,4.97
ATGTA,5.27
ATGTC,5.02
ATGTG,5.15
ATTAA,5.58
ATTAC,5.44
ATTAG,5.57
ATTCA,5.22
ATTCC,4.69
ATTCG,4.88
ATTCT,4.43
ATTGA,5.46
ATTGC,5.15
ATTGG,5.3
ATTGT,5.03
ATTTA,4.75
ATTTC,4.27
ATTTG,4.12
CAAAG,4.52
CAACG,4.98
CAAGG,4.65
CAATG,4.69
CACAG,5.32
CACCG,4.92
CACGG,5.1
CAGAG,5.14
CAGCG,5.13
CAGGG,4.85
CAGTG,4.98
CATAG,5.53
CATCG,4.94
CATGG,5.34
CCAGG,5.4
CCGGG,5.19
CGACG,5.19
CGAGG,5.18
CGCGG,5.51
CGGCG,5.09
CGGGG,4.94
CGTGG,5.64
CTAAG,5.49
CTACG,5.77
CTAGG,5.69
CTCCG,5.01
CTCGG,5.65
CTGAG,5.56
CTGCG,5.67
CTGGG,5.39
CTTCG,4.92
CTTGG,5.31
GAAAC,4.74
GAAAG,4.36
GAACC,4.46
GAACG,4.74
GAAGC,4.82
GAAGG,4.63
GAATC,4.36
GAATG,4.39
GACAC,5.49
GACAG,5.26
GACCC,4.45
GACCG,4.69
GACGC,5.09
GACGG,5.1
GACTG,5
GAGAC,5.04
GAGAG,4.93
GAGCC,4.67
GAGCG,5.02
GAGGC,4.85
GAGGG,4.78
GAGTC,4.53
GAGTG,4.78
GATAC,5.65
GATAG,5.54
GATCC,4.63
GATCG,4.96
GATGC,5.38
GATGG,5.53
GATTG,4.81
GCAAG,5.45
GCACG,5.74
GCAGC,5.67
GCAGG,5.52
GCATG,5.5
GCCAG,5.43
GCCCG,4.95
GCCGG,5.36
GCCTG,4.94
GCGAG,5.46
GCGCG,5.54
GCGGC,5.37
GCGGG,5.3
GCGTG,5.25
GCTAG,5.67
GCTCG,5.2
GCTGG,5.53
GCTTG,4.94
GGAAG,4.63
GGACC,4.8
GGACG,5.02
GGAGC,5.05
GGAGG,4.93
GGATG,4.84
GGCAG,5.41
GGCCG,4.96
GGCGC,5.41
GGCGG,5.29
GGCTG,4.95
GGGAG,4.85
GGGCC,4.77
GGGCG,4.96
GGGGC,4.82
GGGGG,4.75
GGGTG,4.77
GGTAG,5.55
GGTCG,4.82
GGTGC,5.56
GGTGG,5.56
GGTTG,4.82
GTAAC,5.86
GTAAG,5.62
GTACC,5.84
GTACG,5.93
GTAGC,5.88
GTAGG,5.76
GTATG,5.93
GTCAG,5.67
GTCCC,4.9
GTCCG,5.08
GTCGC,5.56
GTCGG,5.54
GTCTG,5.22
GTGAC,6.01
GTGAG,5.8
GTGCC,5.66
GTGCG,5.88
GTGGC,5.46
GTGGG,5.41
GTGTG,5.73
GTTAG,5.8
GTTCC,4.84
GTTCG,5.1
GTTGC,5.7
GTTGG,5.42
GTTTG,4.95
TAAAA,4.89
TAAAC,5.1
TAAAG,4.7
TAACA,5.17
TAACC,4.87
TAACG,5.15
TAAGA,4.93
TAAGC,5.01
TAAGG,4.81
TAATA,5.11
TAATC,4.81
TAATG,4.9
TACAA,5.89
TACAC,5.74
TACAG,5.41
TACCA,5.13
TACCC,4.71
TACCG,4.96
TACGA,5.61
TACGC,5.32
TACGG,5.33
TACTC,4.69
TACTG,5.13
TAGAA,5.33
TAGAC,5.32
TAGAG,5.41
TAGCA,5.36
TAGCC,5
TAGCG,5.22
TAGGA,4.98
TAGGC,4.97
TAGGG,4.99
TAGTA,5.33
TAGTC,5.08
TAGTG,5.11
TATAA,6.07
TATAC,6.01
TATAG,5.79
TATCA,5.38
TATCC,4.98
TATCG,5.32
TATGA,5.84
TATGC,5.76
TATGG,5.88
TATTC,4.51
TATTG,5.02
TCAAC,5.65
TCAAG,5.4
TCACC,5.4
TCACG,5.71
TCAGA,5.47
TCAGC,5.74
TCAGG,5.47
TCATC,5.08
TCATG,5.27
TCCAC,5.58
TCCAG,5.31
TCCCC,4.76
TCCCG,4.95
TCCGC,5.27
TCCGG,5.39
TCCTC,4.8
TCCTG,4.92
TCGAC,5.64
TCGAG,5.42
TCGCC,5.4
TCGCG,5.42
TCGGA,5.36
TCGGC,5.43
TCGGG,5.22
TCGTC,5.16
TCGTG,5.29
TCTAC,5.76
TCTAG,5.84
TCTCC,4.92
TCTCG,5.17
TCTGC,5.75
TCTGG,5.56
TCTTC,4.52
TCTTG,4.92
TGAAC,5.35
TGAAG,5.15
TGACA,5.43
TGACC,4.94
TGACG,5.39
TGAGA,5.29
TGAGC,5.4
TGAGG,5.3
TGATC,4.77
TGATG,5.22
TGCAC,5.94
TGCAG,5.79
TGCCC,5.02
TGCCG,5.17
TGCGA,5.68
TGCGC,5.71
TGCGG,5.59
TGCTC,5.1
TGCTG,5.27
TGGAC,5.19
TGGAG,5.02
TGGCA,5.24
TGGCC,4.93
TGGCG,5.06
TGGGA,4.93
TGGGC,4.96
TGGGG,4.89
TGGTC,4.84
TGGTG,4.84
TGTAC,6.2
TGTAG,5.74
TGTCC,5.02
TGTCG,5.28
TGTGA,5.84
TGTGC,5.94
TGTGG,5.8
TGTTC,4.85
TGTTG,5.24
TTAAA,5.73
TTAAC,5.85
TTAAG,5.58
TTACA,5.99
TTACC,5.43
TTACG,6.11
TTAGA,6
TTAGC,5.82
TTAGG,5.96
TTATC,5.89
TTATG,6.02
TTCAC,5.94
TTCAG,5.93
TTCCA,4.97
TTCCC,4.73
TTCCG,5.09
TTCGA,5.75
TTCGC,5.53
TTCGG,5.38
TTCTC,4.67
TTCTG,5.14
TTGAA,6
TTGAC,5.91
TTGAG,5.9
TTGCA,5.78
TTGCC,5.3
TTGCG,5.81
TTGGA,5.42
TTGGC,5.56
TTGGG,5.44
TTGTC,5.57
TTGTG,5.2
TTTAC,5.91
TTTAG,5.82
TTTCA,5.4
TTTCC,4.63
TTTCG,4.98
TTTGA,5.6
TTTGC,5.41
TTTGG,5.42
TTTTC,4.35
TTTTG,4.76
